batch size,learning rate,train loss,val loss
1,0.0001,0.0022120175417512655,0.002611008007079363
1,0.0005,0.0016897283494472504,0.0022415490821003914
1,0.001,0.005226426292210817,0.005875772330909967
1,0.005,0.0040626609697937965,0.004576036240905523
1,0.01,0.004986828658729792,0.005664932541549206
16,0.0001,0.004229635000228882,0.005118763539940119
16,0.0005,0.0029115357901901007,0.003225879045203328
16,0.001,0.002519850153476,0.00298519991338253
